{"ts-seg-naive": [13162.9289021644, 24657.2864994464, 34638.40909511276, 42557.790831354694, 48787.04615454413, 54558.12662683193, 59911.34951471393, 64906.95761921622, 69713.56879940254, 74423.9212763944, 78906.49192096248, 83114.4984276687, 87216.46355380953, 91216.6614398179, 95266.56226036944, 99070.37546755077, 102732.74560338719, 106306.36284632444, 109824.91367599508, 113217.52309141132, 116387.35582502377, 119509.32527408384, 122628.56848576588, 125555.12714715675, 128519.16017477996, 131442.91936262816, 134316.33880987967, 137191.65737779875, 139939.34943012035, 142688.7841628859, 145392.8633430917, 148050.0335214123, 150633.55330196288, 153229.1754723338, 155626.28052776205, 158067.07249676957, 160380.26948111586, 162784.44794122016, 165229.8513923838, 167570.8779489017, 169830.40773769197, 172153.99403558864, 174345.62920570455, 176544.2570240669, 178794.1168620707, 181000.9683580263, 183135.65452723706, 185076.07427834457, 187105.3389623613, 189131.509318586, 191205.84036793248, 193170.38945814577, 195202.5205577016, 197206.46159286296, 199138.0824604364, 200957.81986135032, 202847.44991653546, 204697.16628577028, 206439.94667273774, 208210.2914393018, 209936.9963963116, 211764.43284143286, 213544.1247772774, 215282.16753709657, 217029.2881414001, 218771.9500224927, 220493.1119008969, 222171.60686743763, 223787.09752030057, 225470.80047889872, 227156.60870129368, 228761.77478585587, 230341.18650999272, 231857.85406882048, 233398.9481583038, 234913.91881303512, 236466.87318264123, 237959.5013221263, 239486.9621346173, 240988.86067304612, 242611.8852864805, 244114.9146936997, 245660.0947555392, 247249.0581877229, 248638.95182614744, 250095.97058609803, 251592.84337948385, 252970.47141622595, 254447.5006789838, 255912.1354062574, 257382.96091368885, 258737.53192913928, 260195.36388256148, 261525.3450370616, 262925.2711702716, 264167.9133166662, 265668.7873650749, 267037.3128622527, 268480.2702237189, 269763.5699658661], "ts-seg-very-pessimistic": [13122.9289021644, 24262.2864994464, 30148.409095112762, 34400.790831354694, 38047.04615454413, 41053.12662683193, 43713.34951471393, 46232.95761921622, 48587.568799402536, 50660.92127639439, 52701.49192096247, 54579.498427668696, 56399.463553809524, 58219.661439817886, 59833.56226036943, 61474.37546755075, 63078.74560338717, 64598.362846324424, 65955.91367599506, 67368.5230914113, 68833.35582502375, 70108.32527408382, 71371.56848576586, 72607.12714715673, 73875.16017477994, 75164.91936262815, 76418.33880987964, 77628.65737779874, 78886.34943012033, 79988.78416288587, 81058.86334309168, 82139.03352141226, 83202.55330196286, 84336.17547233378, 85486.28052776205, 86557.07249676956, 87672.26948111583, 88788.44794122013, 89790.85139238377, 90754.87794890167, 91732.40773769193, 92718.99403558859, 93631.62920570449, 94603.25702406684, 95622.11686207064, 96484.96835802626, 97463.65452723703, 98381.07427834455, 99382.33896236127, 100331.50931858597, 101280.84036793247, 102200.38945814576, 103090.52055770159, 103926.46159286298, 104824.0824604364, 105762.81986135033, 106587.44991653546, 107421.16628577028, 108403.94667273774, 109285.29143930179, 110203.99639631157, 111003.43284143285, 111867.1247772774, 112669.16753709655, 113534.28814140006, 114403.95002249266, 115216.11190089685, 116046.60686743757, 116867.09752030052, 117764.80047889866, 118609.60870129362, 119462.77478585581, 120301.18650999267, 121243.85406882041, 122071.94815830373, 122839.91881303507, 123604.87318264117, 124370.50132212625, 125098.96213461724, 125870.86067304606, 126646.88528648045, 127467.91469369965, 128243.09475553915, 128950.05818772284, 129636.95182614737, 130345.97058609794, 131172.84337948373, 131960.47141622583, 132799.5006789837, 133551.1354062573, 134316.96091368873, 135115.53192913916, 135839.36388256136, 136623.3450370615, 137317.27117027153, 138049.91331666612, 138796.78736507482, 139430.3128622526, 140089.27022371884, 140800.56996586602], "ts-seg-very-pessimistic-100": [10604.9289021644, 14294.2864994464, 16695.409095112762, 18727.790831354694, 20565.04615454413, 22248.126626831927, 23910.349514713926, 25563.957619216213, 27135.568799402532, 28691.921276394383, 30217.491920962468, 31683.498427668696, 33129.463553809524, 34416.661439817886, 35791.56226036943, 37131.37546755075, 38369.74560338717, 39658.362846324424, 41086.913675995056, 42350.52309141129, 43682.35582502374, 45072.32527408381, 46298.56848576585, 47676.127147156716, 48965.16017477992, 50281.91936262813, 51644.33880987962, 53073.657377798714, 54365.34943012032, 55660.78416288586, 56960.86334309167, 58275.033521412246, 59479.55330196285, 60748.17547233376, 62014.28052776202, 63312.072496769535, 64626.269481115814, 65847.44794122012, 67109.85139238376, 68464.87794890166, 69698.40773769192, 70962.99403558858, 72159.62920570449, 73498.25702406684, 74701.11686207064, 76005.96835802626, 77350.65452723703, 78606.07427834455, 79881.33896236127, 81086.50931858597, 82356.84036793247, 83648.38945814576, 84848.52055770159, 86154.46159286298, 87426.0824604364, 88672.81986135033, 89879.44991653546, 91037.16628577028, 92328.94667273774, 93565.29143930179, 94677.99639631157, 95965.43284143285, 97186.1247772774, 98435.16753709655, 99696.28814140006, 100931.95002249266, 102112.11190089685, 103312.60686743757, 104531.09752030052, 105610.80047889866, 106904.60870129362, 108080.77478585581, 109441.18650999267, 110663.85406882041, 111888.94815830373, 113058.91881303507, 114238.87318264117, 115472.50132212625, 116722.96213461724, 117887.86067304606, 119127.88528648045, 120310.91469369965, 121674.09475553915, 122894.05818772284, 124100.95182614737, 125249.97058609794, 126485.84337948375, 127734.47141622586, 128912.50067898372, 130076.13540625732, 131192.96091368876, 132364.5319291392, 133588.3638825614, 134763.34503706152, 135929.27117027156, 137142.91331666615, 138353.78736507485, 139556.31286225264, 140756.27022371886, 141930.56996586605]}