{"ts-seg-naive": [13118.344769369813, 24323.887227267915, 34334.065713482654, 41969.01480978032, 48248.737619113934, 53838.54254952894, 59209.96307612794, 64163.9169216792, 68907.02010238955, 73475.9991114289, 77935.95194553742, 82255.54340964966, 86383.90373385395, 90386.33242075276, 94258.45589343872, 97946.31734961543, 101605.17976377753, 105153.13082481077, 108573.0884288536, 111959.54551545516, 115278.15830784825, 118391.07404416958, 121528.90515644407, 124593.28987851355, 127563.49236053728, 130378.090318261, 133194.52894723197, 136028.31650875622, 138734.56106338813, 141410.2517208626, 144065.44423716384, 146634.67500064583, 149114.16681533144, 151588.95604832447, 154095.73083242367, 156366.66911351625, 158794.63409812542, 161139.05433898492, 163465.59092259035, 165730.0181060615, 168018.34262995643, 170157.24152316008, 172247.10246119107, 174381.77236864538, 176439.10762005497, 178559.61167121385, 180689.3218940445, 182797.40812005193, 184915.82375278755, 186988.29584609967, 189001.99837824318, 190966.52895998044, 192861.4712007966, 194723.2490335454, 196702.0218640681, 198536.17811004166, 200503.79391923532, 202320.28416018767, 204187.69235846697, 205990.22444994783, 207845.78062189103, 209539.51221075078, 211222.90212440531, 212978.03799927057, 214634.16420630773, 216329.6265457984, 217994.93844843685, 219739.4924397584, 221311.03349313102, 222936.03391810472, 224426.45536734836, 226055.8159828506, 227639.98084226134, 229180.90386190335, 230588.07553669886, 232104.36105358982, 233744.93908956496, 235258.28890066393, 236816.98346582323, 238266.5982953366, 239718.65750402713, 241085.44390720176, 242528.49344711492, 243864.80082152173, 245254.34168940334, 246636.90848404542, 248055.37186345263, 249435.36327571078, 250702.53807034434, 252039.5476620243, 253432.0558477069, 254806.6148869454, 256143.66012220638, 257421.58146598245, 258683.8708411895, 259990.6610907409, 261139.9847258769, 262469.15520541987, 263678.94984768145, 264914.3288979445], "ts-seg-very-pessimistic": [13059.344769369813, 24042.887227267915, 29630.065713482654, 33741.01480978032, 37093.737619113934, 40027.54254952894, 42683.96307612794, 45155.9169216792, 47399.02010238955, 49553.9991114289, 51599.951945537425, 53548.54340964967, 55357.90373385396, 57207.33242075278, 58949.45589343874, 60500.31734961546, 62006.17976377756, 63552.13082481079, 64994.08842885363, 66503.54551545519, 67922.15830784828, 69400.07404416961, 70728.9051564441, 71974.28987851358, 73320.4923605373, 74526.09031826103, 75825.528947232, 77028.31650875625, 78242.56106338816, 79370.25172086264, 80612.44423716387, 81681.67500064588, 82845.16681533147, 83962.9560483245, 85081.7308324237, 86087.66911351628, 87115.63409812545, 88151.05433898495, 89144.59092259037, 90199.01810606153, 91208.34262995645, 92242.24152316009, 93177.1024611911, 94197.77236864543, 95218.10762005502, 96193.6116712139, 97238.32189404455, 98223.40812005199, 99204.82375278759, 100173.29584609973, 101150.99837824322, 102118.52895998048, 102970.47120079663, 103950.24903354543, 104888.02186406813, 105752.17811004168, 106601.79391923534, 107436.28416018769, 108370.692358467, 109345.22444994787, 110255.78062189107, 111105.5122107508, 111993.90212440534, 112878.0379992706, 113775.16420630776, 114602.62654579844, 115376.93844843688, 116275.49243975845, 117189.03349313106, 117995.03391810476, 118844.4553673484, 119600.81598285063, 120504.98084226139, 121329.9038619034, 122143.07553669889, 123009.36105358985, 123920.93908956498, 124699.28890066397, 125420.98346582326, 126224.5982953366, 127036.65750402714, 127691.44390720178, 128347.49344711493, 129089.80082152173, 129826.34168940334, 130672.90848404542, 131481.37186345263, 132257.36327571078, 133038.53807034434, 133744.5476620243, 134502.0558477069, 135229.6148869454, 135981.66012220638, 136766.58146598245, 137507.8708411895, 138162.6610907409, 138823.9847258769, 139548.15520541984, 140323.94984768145, 141012.32889794445], "ts-seg-very-pessimistic-200": [11550.344769369813, 15620.887227267916, 17782.065713482658, 19316.014809780318, 20566.737619113934, 21685.54254952894, 22658.96307612794, 23547.9169216792, 24447.02010238955, 25293.9991114289, 26055.95194553743, 26703.543409649672, 27493.903733853957, 28212.332420752773, 29004.45589343873, 29695.317349615456, 30402.179763777553, 30925.13082481078, 31599.088428853625, 32209.545515455182, 32845.15830784828, 33446.07404416961, 34063.9051564441, 34587.28987851357, 35135.49236053729, 35725.09031826102, 36249.52894723199, 36832.31650875625, 37452.561063388166, 37940.25172086264, 38467.444237163865, 38975.67500064586, 39417.16681533145, 39911.95604832448, 40425.730832423666, 40835.669113516255, 41332.63409812541, 41872.05433898492, 42318.59092259035, 42794.0181060615, 43372.34262995642, 43876.24152316006, 44264.10246119106, 44603.77236864539, 45067.10762005498, 45495.61167121386, 45889.32189404451, 46327.40812005195, 46730.82375278755, 47193.29584609969, 47608.99837824319, 47979.528959980446, 48452.47120079659, 48823.24903354539, 49212.02186406808, 49661.17811004164, 50156.7939192353, 50538.28416018765, 50916.692358466964, 51347.22444994783, 51694.780621891034, 52124.51221075078, 52591.902124405315, 53100.03799927058, 53507.16420630773, 53896.62654579841, 54279.93844843686, 54653.492439758425, 55089.033493131035, 55440.03391810473, 55854.455367348375, 56237.8159828506, 56771.98084226136, 57208.90386190337, 57569.07553669886, 57971.36105358982, 58377.93908956496, 58774.288900663945, 59140.98346582323, 59573.598295336575, 59993.65750402711, 60427.443907201756, 60788.4934471149, 61150.8008215217, 61555.341689403314, 61968.90848404539, 62362.371863452594, 62808.36327571074, 63221.5380703443, 63675.54766202427, 64114.05584770687, 64550.61488694535, 65052.66012220633, 65476.58146598242, 65843.87084118945, 66290.66109074085, 66789.98472587683, 67095.1552054198, 67514.94984768139, 67959.32889794439]}