{"random": [4.121400700886029, 6.769049645050607, 11.447317894578267, 14.451418304502244, 19.675595657491705, 24.069535298852372, 28.883352846207806, 34.01438871270909, 36.919522875701816, 39.39642633027118, 42.77675409245076, 47.48772551437261, 51.26159208002063, 54.347875016751644, 57.11395401411936, 62.143022100362, 67.40726958944694, 72.10259129431552, 76.6588430856778, 80.87529222280985, 86.20443982819566, 89.45586891328759, 94.31855858939265, 97.57483894193778, 101.5852177138991, 106.82591669225594, 111.43007494654336, 115.95917513265903, 120.56474611567617, 125.7293634997466, 129.99916255597913, 133.2927696641153, 136.95658061327316, 138.94776847966682, 143.63590667237318, 148.9778555958948, 153.43915752233607, 157.38239762328251, 160.5807496899782, 164.5584188526845, 169.67556948975817, 174.45705883395448, 178.3664545741367, 182.2023310156681, 186.12704121665294, 188.8228619898728, 190.70714019069973, 192.9939397867111, 195.59999237966596, 200.25318172748044, 204.68189963591558, 207.71364816585617, 213.05918349434003, 216.77898874265455, 220.56058931224538, 225.75566015049833, 229.2129403195171, 233.6872803807376, 237.73901972829475, 242.5470399320633, 247.46079482270963, 251.16826327696882, 256.5407314439567, 259.70584145951756, 264.13510597645376, 269.67805216286774, 273.30030703804925, 278.52863797733784, 282.9333056213946, 287.2986436413246, 291.9665567533522, 294.72182510681984, 299.0317822561803, 303.9149735082791, 309.557927903784, 312.24121527857943, 317.5343838891868, 321.7057971300599, 327.4816751051435, 332.37015508119475, 336.4085013163134, 340.3107595372276, 344.39526635433, 349.13157249281204, 353.73573029755715, 358.0205724611436, 360.726365343478, 365.2102883111979, 370.3960450734651, 374.02749772272153, 377.4223130239581, 380.2254402082091, 383.4708702688287, 386.4760705012025, 390.76391326276706, 394.54349080988237, 398.9658191308857, 402.85478012538744, 405.4875861509508, 408.3779598741823], "etc-seg-explore": [2.1214007008860287, 5.769049645050607, 11.447317894578267, 14.451418304502244, 18.675595657491705, 22.069535298852372, 26.883352846207806, 30.01438871270909, 32.91952287570181, 37.396426330271176, 41.77675409245075, 46.487725514372606, 51.26159208002062, 54.34787501675164, 58.11395401411935, 61.143022100361996, 66.40726958944694, 71.10259129431552, 74.6588430856778, 76.87529222280985, 81.20443982819566, 84.45586891328759, 87.31855858939265, 92.57483894193778, 96.5852177138991, 99.82591669225594, 105.43007494654336, 109.95917513265903, 114.56474611567617, 117.7293634997466, 121.99916255597911, 125.2927696641153, 128.95658061327316, 132.94776847966682, 137.63590667237318, 140.9778555958948, 146.43915752233607, 148.38239762328251, 152.5807496899782, 157.5584188526845, 161.67556948975817, 166.45705883395448, 168.3664545741367, 172.2023310156681, 175.12704121665294, 178.8228619898728, 182.70714019069973, 185.9939397867111, 190.59999237966596, 195.25318172748044, 200.68189963591558, 204.71364816585617, 209.05918349434003, 212.77898874265455, 216.56058931224538, 221.75566015049833, 227.2129403195171, 230.6872803807376, 234.73901972829475, 239.5470399320633, 244.46079482270963, 248.16826327696882, 253.54073144395667, 257.7058414595175, 260.1351059764537, 265.6780521628677, 270.3003070380492, 273.5286379773378, 276.93330562139454, 281.29864364132453, 285.96655675335217, 290.7218251068198, 296.03178225618024, 299.91497350827905, 305.55792790378393, 310.2412152785794, 315.53438388918676, 319.70579713005986, 325.48167510514344, 329.3701550811947, 334.40850131631333, 336.31075953722757, 340.3952663543299, 345.131572492812, 348.7357302975571, 350.02057246114356, 354.72636534347794, 359.21028831119787, 362.396045073465, 366.0274977227215, 370.42231302395805, 372.225440208209, 375.47087026882866, 379.47607050120246, 384.763913262767, 389.5434908098823, 392.9658191308856, 396.8547801253874, 400.48758615095073, 405.37795987418224], "etc-seg-exploit": [1.1214007008860287, 4.769049645050607, 10.447317894578267, 14.451418304502244, 18.675595657491705, 23.069535298852372, 28.883352846207806, 33.01438871270909, 35.919522875701816, 39.39642633027118, 41.77675409245076, 45.48772551437261, 50.26159208002063, 54.347875016751644, 58.11395401411936, 62.143022100362, 66.40726958944694, 71.10259129431552, 75.6588430856778, 79.87529222280985, 82.20443982819566, 86.45586891328759, 90.31855858939265, 95.57483894193778, 98.5852177138991, 103.82591669225594, 109.43007494654336, 112.95917513265903, 116.56474611567617, 118.7293634997466, 121.99916255597911, 126.2927696641153, 129.95658061327316, 133.94776847966682, 138.63590667237318, 142.9778555958948, 148.43915752233607, 152.38239762328251, 155.5807496899782, 159.5584188526845, 163.67556948975817, 168.45705883395448, 173.3664545741367, 178.2023310156681, 183.12704121665294, 186.8228619898728, 190.70714019069973, 195.9939397867111, 200.59999237966596, 205.25318172748044, 208.68189963591558, 212.71364816585617, 218.05918349434003, 222.77898874265455, 227.56058931224538, 231.75566015049833, 237.2129403195171, 241.6872803807376, 244.73901972829475, 247.5470399320633, 248.46079482270963, 251.16826327696882, 255.54073144395667, 257.7058414595175, 262.1351059764537, 267.6780521628677, 272.3003070380492, 277.5286379773378, 280.93330562139454, 285.29864364132453, 289.96655675335217, 294.7218251068198, 300.03178225618024, 303.91497350827905, 308.55792790378393, 313.2412152785794, 317.53438388918676, 320.70579713005986, 324.48167510514344, 327.3701550811947, 331.40850131631333, 335.31075953722757, 339.3952663543299, 344.131572492812, 347.7357302975571, 352.02057246114356, 356.72636534347794, 360.21028831119787, 364.396045073465, 368.0274977227215, 371.42231302395805, 374.225440208209, 378.47087026882866, 383.47607050120246, 388.763913262767, 393.5434908098823, 396.9658191308856, 401.8547801253874, 406.48758615095073, 411.37795987418224], "epsilon-greedy-explore": [3.1214007008860287, 5.769049645050607, 11.447317894578267, 15.451418304502244, 19.675595657491705, 23.069535298852372, 26.883352846207806, 31.01438871270909, 34.91952287570181, 39.396426330271176, 43.77675409245075, 47.487725514372606, 51.26159208002062, 54.34787501675164, 58.11395401411935, 62.143022100361996, 64.40726958944694, 69.10259129431552, 71.6588430856778, 74.87529222280985, 77.20443982819566, 80.45586891328759, 84.31855858939265, 89.57483894193778, 94.5852177138991, 97.82591669225594, 101.43007494654336, 103.95917513265903, 108.56474611567617, 113.7293634997466, 117.99916255597911, 120.2927696641153, 122.95658061327318, 124.94776847966683, 129.6359066723732, 134.97785559589482, 139.4391575223361, 143.38239762328254, 146.58074968997823, 150.5584188526845, 154.67556948975817, 158.45705883395448, 163.3664545741367, 166.2023310156681, 171.12704121665294, 175.8228619898728, 179.70714019069973, 184.9939397867111, 188.59999237966596, 193.25318172748044, 198.68189963591558, 202.71364816585617, 208.05918349434003, 212.77898874265455, 216.56058931224538, 220.75566015049833, 224.2129403195171, 228.6872803807376, 227.73901972829475, 232.5470399320633, 236.46079482270963, 240.16826327696882, 243.54073144395667, 247.70584145951753, 252.13510597645373, 253.6780521628677, 256.3003070380492, 259.5286379773378, 263.93330562139454, 266.29864364132453, 270.96655675335217, 274.7218251068198, 277.03178225618024, 279.91497350827905, 284.55792790378393, 288.2412152785794, 292.53438388918676, 296.70579713005986, 299.48167510514344, 302.3701550811947, 307.40850131631333, 310.31075953722757, 313.3952663543299, 317.131572492812, 321.7357302975571, 325.02057246114356, 329.72636534347794, 332.21028831119787, 335.396045073465, 339.0274977227215, 342.42231302395805, 346.225440208209, 350.47087026882866, 353.47607050120246, 357.763913262767, 361.5434908098823, 363.9658191308856, 366.8547801253874, 370.48758615095073, 372.37795987418224],