{"ts-seg-naive": [13087.65946276068, 24249.025584714935, 34347.35404656526, 42033.483423446305, 48584.88092114772, 54418.046409762625, 59774.84847446733, 64902.2598418085, 69745.19120000167, 74367.03595041911, 78697.12156523734, 83019.02281191872, 86934.32869061235, 90828.28441190204, 94634.47781915648, 98286.85073703567, 101858.48734209896, 105317.2662994111, 108704.03227471514, 112069.1545396308, 115373.20404751632, 118546.61561681387, 121577.22574617356, 124564.1441650198, 127462.56039035543, 130353.89314334051, 133250.77972633523, 135977.9732883941, 138643.36442796356, 141174.29547656703, 143649.91931630767, 146308.81064038954, 148836.60806951328, 151314.6940998774, 153726.52837914857, 156037.98344888518, 158317.9188637651, 160598.86614119067, 162839.43528809512, 165012.61619009834, 167241.33547802485, 169450.69952147044, 171609.04820037243, 173734.27314722378, 175789.01871257246, 177901.1554783303, 179907.88196641105, 181927.27990680546, 184054.93250026664, 185979.055602547, 187955.1846364431, 189854.26292206135, 191673.76432986493, 193561.24659770294, 195410.2694087419, 197281.6806727904, 199024.48829896227, 200767.4038719873, 202601.49975462447, 204318.39671273914, 205982.24443095905, 207758.8972677563, 209434.0616352262, 211107.66720694327, 212922.72679186106, 214590.83181491782, 216160.3558830363, 217765.6544031444, 219467.56631313628, 221111.20592344005, 222693.65479396965, 224225.50415556165, 225857.2859399918, 227376.6418194407, 228956.52437547132, 230483.68706610284, 232005.06152210775, 233518.6205719351, 234992.53123394513, 236401.6873070353, 237815.78066280682, 239248.54385228775, 240671.59146731024, 242029.57942961564, 243473.121582727, 244965.62197300122, 246398.46191995827, 247852.3292596797, 249239.78339046656, 250664.9430339432, 252048.08056281754, 253387.60757870125, 254657.05284388966, 255966.38104044934, 257344.2411711064, 258702.91953538713, 260100.70818530966, 261303.27878926086, 262591.78430328605, 263928.57789693074], "ts-seg-pessimistic": [13114.65946276068, 24062.025584714935, 29877.35404656526, 34274.483423446305, 38071.88092114772, 41464.046409762625, 44668.84847446733, 47513.2598418085, 50301.191200001675, 52946.035950419115, 55407.121565237336, 57731.02281191872, 60100.328690612354, 62252.284411902045, 64444.477819156484, 66491.85073703567, 68539.48734209896, 70474.2662994111, 72407.03227471514, 74239.1545396308, 76073.20404751632, 77818.61561681387, 79481.22574617356, 81181.1441650198, 82706.56039035543, 84335.89314334051, 85895.77972633523, 87401.9732883941, 88940.36442796356, 90403.29547656704, 91785.91931630767, 93251.81064038954, 94662.6080695133, 96080.69409987744, 97423.5283791486, 98767.9834488852, 100037.91886376514, 101283.86614119068, 102540.43528809512, 103810.61619009834, 105082.33547802485, 106239.69952147045, 107441.04820037246, 108575.27314722382, 109634.01871257252, 110800.15547833034, 111942.8819664111, 113152.27990680552, 114259.9325002667, 115320.05560254706, 116317.18463644313, 117330.26292206137, 118431.76432986495, 119497.24659770294, 120543.26940874191, 121573.68067279037, 122653.48829896226, 123681.4038719873, 124679.49975462448, 125704.39671273914, 126621.24443095904, 127498.89726775629, 128489.06163522616, 129427.66720694324, 130363.72679186102, 131342.83181491776, 132278.35588303625, 133223.65440314435, 134129.56631313622, 134997.20592344, 135894.6547939696, 136754.5041555616, 137656.28593999174, 138488.64181944064, 139340.52437547126, 140187.68706610278, 141076.0615221077, 142028.62057193505, 142836.53123394508, 143745.68730703523, 144511.78066280676, 145305.5438522877, 146108.59146731018, 146911.57942961558, 147738.12158272695, 148466.62197300117, 149286.4619199582, 150064.32925967965, 150819.7833904665, 151668.94303394313, 152489.0805628175, 153217.6075787012, 153986.0528438896, 154723.38104044928, 155562.24117110635, 156342.91953538707, 157191.7081853096, 157865.2787892608, 158652.784303286, 159394.57789693068], "ts-seg-very-pessimistic": [13181.65946276068, 24232.025584714935, 30072.35404656526, 34422.483423446305, 38018.88092114772, 41189.046409762625, 43995.84847446733, 46589.2598418085, 48954.191200001675, 51220.035950419115, 53342.121565237336, 55376.02281191872, 57251.328690612354, 59078.284411902045, 60710.477819156484, 62398.85073703567, 64195.48734209896, 65845.2662994111, 67465.03227471514, 69014.1545396308, 70496.20404751632, 71939.61561681387, 73378.22574617356, 74736.1441650198, 76096.56039035543, 77535.89314334051, 78860.77972633523, 80218.9732883941, 81464.36442796356, 82642.29547656704, 83984.91931630767, 85212.81064038954, 86412.6080695133, 87777.69409987744, 88997.5283791486, 90323.9834488852, 91558.91886376514, 92730.86614119068, 94004.43528809512, 95178.61619009834, 96325.33547802485, 97461.69952147045, 98639.04820037246, 99695.27314722382, 100732.01871257252, 101783.15547833034, 102847.8819664111, 103897.27990680552, 104971.9325002667, 106013.05560254706, 107064.18463644313, 108132.26292206137, 109158.76432986495, 110142.24659770294, 111106.26940874191, 112134.68067279037, 113120.48829896226, 114101.4038719873, 115097.49975462448, 116044.39671273914, 117030.24443095904, 117999.89726775629, 118933.06163522616, 119860.66720694324, 120851.72679186102, 121819.83181491776, 122723.35588303623, 123633.65440314433, 124513.56631313621, 125422.20592343998, 126313.65479396959, 127209.50415556159, 128074.28593999174, 129013.64181944064, 129873.52437547126, 130816.68706610276, 131676.06152210766, 132463.62057193503, 133338.53123394505, 134244.6873070352, 135137.78066280676, 135980.5438522877, 136753.59146731018, 137556.57942961558, 138436.12158272695, 139346.62197300117, 140063.4619199582, 140839.32925967965, 141603.7833904665, 142413.94303394313, 143135.0805628175, 143889.6075787012, 144837.0528438896, 145757.38104044928, 146553.24117110635, 147392.91953538707, 148274.7081853096, 149101.2787892608, 149829.784303286, 150566.57789693068]}