{"ts-seg-pessimistic": [13179.64137003515, 24400.054616569687, 30307.547113023986, 34956.14606708294, 38941.6839695671, 42314.45729117056, 45448.035622339856, 48288.76799605865, 50978.01114430546, 53576.615173344115, 56051.322146845036, 58408.7096154871, 60695.000475047935, 62928.49881416497, 65078.5642685018, 67137.99154693929, 69148.30425270968, 71055.48689209786, 72885.2850934441, 74765.38821094828, 76527.41138020792, 78292.58071750008, 79945.92739482419, 81610.33320920097, 83224.62798060157, 84900.6472891608, 86403.27282881705, 87969.34528888686, 89396.62570571859, 90832.65781938018, 92285.53183287114, 93745.68325289557, 95216.90417031357, 96714.48277538049, 98151.68989111173, 99435.68823408437, 100799.39715038748, 102149.92189068104, 103552.23618946224, 104865.47221262389, 106087.12045647865, 107463.12860221128, 108786.595540581, 109985.46711637011, 111145.6094933333, 112382.76712552532, 113527.50296622144, 114721.81496223806, 115968.57337031768, 117168.42194517965, 118408.55570211844, 119523.82145504364, 120688.49128000667, 121786.9936653541, 122934.08725409841, 123963.54605306365, 124943.98091270385, 125934.54862547906, 126986.48659805584, 128056.09425381226, 129162.19394546743, 130093.51687247225, 131016.59553606377, 131971.00369222945, 132905.61664779187, 133810.29117294544, 134774.084850134, 135733.85836351637, 136706.05847947672, 137689.88620768188, 138607.10506196885, 139409.90086325814, 140337.12277440194, 141195.68896042023, 142144.50454385686, 143080.30149426538, 143934.35600188523, 144903.252966269, 145811.4080816017, 146623.71359788574, 147718.18582101888, 148588.24461127853, 149533.28042739828, 150423.70130888725, 151434.35051383456, 152284.20151131024, 153201.531699505, 154014.97546001483, 154885.5068185767, 155720.09028472714, 156590.4183734277, 157360.0892582203, 158155.70715278917, 159005.65459410707, 159857.16558615555, 160580.30159109453, 161493.05797457145, 162197.25049710477, 162975.00711966204, 163754.02060158327], "ts-seg-naive": [13168.64137003515, 25093.054616569687, 35117.54711302399, 43277.14606708294, 50056.6839695671, 55873.45729117056, 61292.035622339856, 66297.76799605865, 71069.01114430546, 75724.61517334411, 80162.32214684504, 84507.70961548711, 88628.00047504794, 92642.49881416498, 96548.56426850182, 100295.99154693932, 103944.30425270971, 107489.48689209789, 110973.28509344412, 114378.38821094831, 117518.41138020795, 120792.58071750011, 123941.92739482422, 126951.333209201, 129933.6279806016, 132876.64728916084, 135816.27282881708, 138598.3452888869, 141303.62570571862, 143961.6578193802, 146505.53183287114, 149069.68325289557, 151555.90417031356, 154111.4827753805, 156509.68989111172, 158845.68823408434, 161284.39715038746, 163591.92189068103, 165982.23618946224, 168252.4722126239, 170547.12045647865, 172758.12860221128, 174987.595540581, 177046.46711637013, 179093.60949333332, 181195.76712552537, 183231.50296622148, 185262.8149622381, 187279.57337031772, 189317.4219451797, 191366.5557021185, 193375.8214550437, 195193.49128000674, 197080.99366535415, 198888.08725409847, 200693.5460530637, 202473.9809127039, 204257.5486254791, 206042.48659805587, 207802.09425381228, 209584.19394546744, 211335.51687247228, 213176.5955360638, 214963.00369222948, 216677.6166477919, 218318.29117294546, 219944.08485013404, 221647.8583635164, 223334.05847947675, 224970.8862076819, 226510.1050619689, 228161.9008632582, 229691.122774402, 231265.6889604203, 232807.50454385692, 234292.30149426544, 235822.3560018853, 237345.25296626906, 238875.40808160175, 240422.7135978858, 241974.18582101894, 243431.24461127858, 244918.28042739833, 246329.7013088873, 247703.35051383462, 249054.2015113103, 250451.53169950505, 251741.9754600149, 253160.50681857674, 254408.0902847272, 255733.41837342776, 257136.08925822037, 258469.70715278923, 259793.65459410712, 261097.1655861556, 262467.3015910946, 263709.05797457154, 264990.2504971049, 266375.0071196622, 267690.0206015834], "ts-seg-very-pessimistic": [13064.64137003515, 24010.054616569687, 29775.547113023986, 34060.14606708294, 37575.6839695671, 40511.45729117056, 43221.035622339856, 45754.76799605865, 48111.01114430546, 50250.615173344115, 52242.322146845036, 54097.7096154871, 56034.000475047935, 57811.49881416497, 59518.5642685018, 61147.991546939294, 62729.30425270969, 64267.48689209786, 65826.2850934441, 67358.38821094828, 68911.41138020792, 70285.58071750008, 71665.92739482419, 72985.33320920097, 74332.62798060157, 75580.6472891608, 76867.27282881705, 78084.34528888686, 79363.62570571859, 80597.65781938018, 81759.53183287114, 82916.68325289557, 84037.90417031357, 85194.48277538049, 86290.68989111173, 87391.68823408437, 88570.39715038748, 89664.92189068104, 90768.23618946224, 91718.47221262389, 92738.12045647865, 93795.12860221128, 94783.595540581, 95834.46711637011, 96929.6094933333, 97910.76712552532, 98899.50296622144, 99820.81496223806, 100757.57337031768, 101741.42194517965, 102716.55570211844, 103734.82145504364, 104662.49128000667, 105613.9936653541, 106536.08725409841, 107555.54605306365, 108450.98091270385, 109458.54862547906, 110364.48659805584, 111242.09425381226, 112148.19394546743, 112982.51687247225, 113897.59553606377, 114807.00369222947, 115685.6166477919, 116530.29117294546, 117332.08485013404, 118206.8583635164, 119156.05847947675, 120001.8862076819, 120894.10506196889, 121719.90086325818, 122638.12277440197, 123428.68896042026, 124162.5045438569, 125006.30149426541, 125810.35600188526, 126633.25296626904, 127521.40808160174, 128345.7135978858, 129085.18582101895, 129925.24461127858, 130704.28042739832, 131483.70130888728, 132220.3505138346, 133027.20151131027, 133784.53169950502, 134583.97546001486, 135469.50681857672, 136333.09028472716, 137170.41837342776, 137967.08925822037, 138721.70715278923, 139531.65459410712, 140405.1655861556, 141227.30159109458, 141952.0579745715, 142766.25049710483, 143554.0071196621, 144368.02060158332], "ts-seg-very-pessimistic-20": [9647.64137003515, 15483.054616569689, 20356.54711302399, 24950.14606708294, 29310.6839695671, 33497.45729117056, 37576.035622339856, 41711.76799605865, 45755.01114430546, 49821.615173344115, 53829.322146845036, 57819.7096154871, 61804.000475047935, 65725.49881416497, 69702.5642685018, 73642.99154693929, 77434.30425270968, 81211.48689209786, 85056.2850934441, 88869.38821094828, 92685.41138020792, 96514.58071750008, 100291.92739482419, 104122.33320920097, 107906.62798060157, 111783.6472891608, 115461.27282881705, 119249.34528888686, 123017.62570571859, 126760.65781938018, 130506.53183287114, 134197.68325289557, 137929.90417031356, 141640.4827753805, 145293.68989111172, 149082.68823408434, 152812.39715038746, 156571.92189068103, 160271.23618946224, 163889.4722126239, 167539.12045647865, 171173.12860221128, 174826.595540581, 178549.46711637013, 182101.60949333332, 185664.76712552537, 189283.50296622148, 192955.8149622381, 196591.57337031772, 200275.4219451797, 203975.5557021185, 207637.8214550437, 211233.49128000674, 214862.99366535415, 218547.08725409847, 222216.5460530637, 225733.9809127039, 229222.5486254791, 232820.48659805587, 236457.09425381228, 239986.19394546744, 243676.51687247228, 247268.5955360638, 250913.00369222948, 254435.6166477919, 258049.29117294546, 261717.08485013404, 265274.8583635164, 268826.0584794767, 272408.8862076819, 276002.1050619689, 279543.9008632582, 283034.122774402, 286606.6889604203, 290174.50454385695, 293634.30149426544, 297240.35600188526, 300788.25296626904, 304319.4080816017, 307819.7135978858, 311430.18582101894, 315013.2446112786, 318578.28042739833, 322120.70130888734, 325787.3505138346, 329454.2015113103, 333086.53169950505, 336533.9754600149, 340081.5068185768, 343582.0902847272, 347142.4183734278, 350740.0892582204, 354276.7071527893, 357893.6545941072, 361415.16558615566, 364979.30159109464, 368533.0579745716, 372104.25049710495, 375704.00711966224, 379228.02060158347],